628,facial-expressions_2868588k.jpg,4
302,Alejandro_Toledo_0004.jpg,4
302,Alexander_Lukashenko_0001.jpg,4
302,Alicia_Hollowell_0001.jpg,4
302,Alvaro_Noboa_0002.jpg,4
302,Al_Gore_0002.jpg,4
302,Anastasia_Myskina_0001.jpg,4
302,Anastasia_Myskina_0003.jpg,4
302,Angelina_Jolie_0005.jpg,4
302,Arnold_Schwarzenegger_0023.jpg,4
302,Atal_Bihari_Vajpayee_0010.jpg,4
302,Ben_Braun_0001.jpg,4
302,Billy_Crystal_0004.jpg,4
302,Billy_Donovan_0001.jpg,4
302,Bill_Graham_0005.jpg,4
302,Bob_Huggins_0001.jpg,4
302,Bob_Huggins_0004.jpg,4
302,Brian_Scalabrine_0001.jpg,4
302,Bud_Selig_0004.jpg,4
302,Carlos_Arroyo_0001.jpg,4
302,Carlos_Ortega_0001.jpg,4
302,Celine_Dion_0008.jpg,4
302,Charles_Moose_0001.jpg,4
302,Charles_Moose_0013.jpg,4
302,Colin_Powell_0007.jpg,4
302,Colin_Powell_0181.jpg,4
302,Colin_Powell_0188.jpg,4
302,Colleen_Jones_0001.jpg,4
302,Dariusz_Michalczewski_0001.jpg,4
302,Dennis_Kucinich_0004.jpg,4
302,Dennis_Kucinich_0006.jpg,4
302,Dick_Vermeil_0002.jpg,4
302,Doc_Rivers_0001.jpg,4
302,Donald_Rumsfeld_0027.jpg,4
302,Doug_Collins_0002.jpg,4
302,Elijan_Ingram_0001.jpg,4
302,Eric_Idle_0001.jpg,4
302,Eric_Taino_0001.jpg,4
302,Ernie_Harwell_0001.jpg,4
302,Felix_Mantilla_0001.jpg,4
302,Fernando_Gonzalez_0001.jpg,4
302,Filippo_Inzaghi_0001.jpg,4
302,Filippo_Inzaghi_0002.jpg,4
302,Gala_Leon_Garcia_0001.jpg,4
302,Gene_Keady_0001.jpg,4
302,Geno_Auriemma_0001.jpg,4
302,George_Blaney_0001.jpg,4
302,George_Robertson_0014.jpg,4
302,George_W_Bush_0042.jpg,4
302,George_W_Bush_0148.jpg,4
302,George_W_Bush_0510.jpg,4
302,Gerhard_Schroeder_0064.jpg,4
302,Gerhard_Schroeder_0085.jpg,4
302,Gerhard_Schroeder_0088.jpg,4
302,Giuseppe_Gibilisco_0002.jpg,4
302,Glenn_Rivers_0001.jpg,4
302,Goran_Persson_0001.jpg,4
302,Guennadi_Chipouline_0001.jpg,4
302,Halle_Berry_0002.jpg,4
302,Hugo_Chavez_0034.jpg,4
302,Jack_Straw_0004.jpg,4
302,James_Blake_0013.jpg,4
302,James_Carville_0001.jpg,4
302,Jan_Ullrich_0002.jpg,4
302,Jan_Ullrich_0004.jpg,4
dwdii,Javier_Weber_0002.jpg,4
dwdii,Jean-Pierre_Raffarin_0003.jpg,4
dwdii,Jean_Chretien_0010.jpg,4
dwdii,Jean_Chretien_0046.jpg,4
dwdii,Jelena_Dokic_0001.jpg,4
dwdii,Jennifer_Capriati_0001.jpg,4
dwdii,Jennifer_Capriati_0039.jpg,4
dwdii,Jen_Bice_0001.jpg,4
dwdii,Jeremy_Greenstock_0022.jpg,4
dwdii,Jiri_Novak_0001.jpg,4
dwdii,JJ_Redick_0002.jpg,4
dwdii,Joan_Dangerfield_0001.jpg,4
dwdii,Joe_Strummer_0001.jpg,4
dwdii,John_Ashcroft_0030.jpg,4
dwdii,John_Brady_0002.jpg,4
dwdii,John_Gruden_0001.jpg,4
dwdii,John_Hartson_0001.jpg,4
dwdii,John_Howard_0017.jpg,4
dwdii,John_Paul_II_0008.jpg,4
dwdii,Jonathan_Edwards_0007.jpg,4
dwdii,Josh_Evans_0001.jpg,4
dwdii,Juan_Carlos_Ferrero_0019.jpg,4
dwdii,Jude_Law_0002.jpg,4
dwdii,Julio_Rossi_0001.jpg,4
dwdii,Kim_Clijsters_0001.jpg,4
JN721,Kim_Clijsters_0011.jpg,4
JN721,Kurt_Suzuki_0001.jpg,4
JN721,Larry_Brown_0002.jpg,4
JN721,Lindsay_Davenport_0009.jpg,4
JN721,Lindsay_Davenport_0019.jpg,4
dwdii,Lleyton_Hewitt_0014.jpg,4
dwdii,Lleyton_Hewitt_0015.jpg,4
dwdii,Lon_Kruger_0001.jpg,4
dwdii,Lon_Kruger_0002.jpg,4
dwdii,Manuel_Jesus_0001.jpg,4
dwdii,Marat_Safin_0003.jpg,4
dwdii,Maribel_Dominguez_0001.jpg,4
dwdii,Mark_Dacey_0002.jpg,4
dwdii,Mark_Heller_0001.jpg,4
dwdii,Mark_Hurlbert_0004.jpg,4
dwdii,Mark_Philippoussis_0005.jpg,4
dwdii,Mark_Philippoussis_0008.jpg,4
dwdii,Michael_Chang_0005.jpg,4
dwdii,Michael_Olowokandi_0001.jpg,4
dwdii,Michael_Pfleger_0001.jpg,4
dwdii,Michael_Schumacher_0006.jpg,4
dwdii,Michelle_Branch_0002.jpg,4
dwdii,Mick_Jagger_0005.jpg,4
dwdii,Mike_Babcock_0002.jpg,4
dwdii,Mike_Brey_0002.jpg,4
dwdii,Mike_Krzyzewski_0002.jpg,4
dwdii,Mike_Krzyzewski_0005.jpg,4
dwdii,Mike_Samp_0001.jpg,4
dwdii,Mike_Thibault_0001.jpg,4
dwdii,Monica_Seles_0003.jpg,4
dwdii,Monica_Seles_0005.jpg,4
dwdii,Nadia_Petrova_0003.jpg,4
dwdii,Nathan_Doudney_0001.jpg,4
dwdii,Paradorn_Srichaphan_0005.jpg,4
dwdii,Pascal_Rheaume_0001.jpg,4
dwdii,Pat_Riley_0001.jpg,4
dwdii,Pete_Gillen_0001.jpg,4
dwdii,Phil_Bennett_0001.jpg,4
dwdii,Jean-Pierre_Bemba_0001.jpg,4
dwdii,Princess_Maxima_0001.jpg,4
dwdii,Rachel_Wheatley_0001.jpg,4
dwdii,Ray_Lewis_0001.jpg,4
dwdii,Recep_Tayyip_Erdogan_0018.jpg,4
dwdii,Reggie_Miller_0001.jpg,4
dwdii,Rick_Carlisle_0002.jpg,4
dwdii,Rick_Stansbury_0001.jpg,4
dwdii,Robert_Bullock_0002.jpg,4
dwdii,Rodney_Dangerfield_0001.jpg,4
dwdii,Rose_Marie_0001.jpg,4
dwdii,Roy_Williams_0002.jpg,4
dwdii,Saeb_Erekat_0002.jpg,4
dwdii,Serena_Williams_0001.jpg,4
dwdii,Serena_Williams_0009.jpg,4
dwdii,Serena_Williams_0010.jpg,4
dwdii,Tommy_Franks_0006.jpg,4
dwdii,Tommy_Haas_0006.jpg,4
dwdii,Tommy_Robredo_0002.jpg,4
dwdii,Tommy_Robredo_0003.jpg,4
dwdii,Tom_Brennan_0001.jpg,4
dwdii,Tom_Coverdale_0001.jpg,4
dwdii,Tom_Daschle_0015.jpg,4
dwdii,Tom_Ridge_0001.jpg,4
dwdii,Tom_Ridge_0005.jpg,4
dwdii,Tracy_McGrady_0002.jpg,4
dwdii,Valerie_Thwaites_0001.jpg,4
dwdii,Wilfredo_Moreno_0001.jpg,4
dwdii,Xanana_Gusmao_0005.jpg,4
dwdii,Yevgeny_Kafelnikov_0003.jpg,4
jhamski,Dileep_33.jpg,4
jhamski,Dileep_71.jpg,4
jhamski,Dileep_87.jpg,4
jhamski,Dileep_91.jpg,4
jhamski,Dwarakish_106.jpg,4
jhamski,Dwarakish_166.jpg,4
jhamski,Dwarakish_72.jpg,4
jhamski,FaridaJalal_31.jpg,4
jhamski,FaridaJalal_48.jpg,4
jhamski,Jayamadhuri_107.jpg,4
jhamski,Jayamadhuri_125.jpg,4
jhamski,Jayamadhuri_157.jpg,4
jhamski,SharmilaTagore_42.jpg,4
jhamski,SharmilaTagore_45.jpg,4
302,Alain_Cervantes_0001.jpg,3
302,Alessandra_Cerna_0001.jpg,3
302,Alexander_Losyukov_0003.jpg,3
302,Amanda_Coetzer_0001.jpg,3
302,Amber_Frey_0001.jpg,3
302,Amy_Gale_0001.jpg,3
302,Andrew_Shutley_0001.jpg,3
302,Andre_Agassi_0014.jpg,3
302,Andre_Agassi_0034.jpg,3
302,Anette_Hosoi_0001.jpg,3
302,Anna_Jones_0001.jpg,3
302,Anna_Kournikova_0011.jpg,3
302,Antonio_Cassano_0001.jpg,3
302,Armando_Carrillo_0001.jpg,3
302,Arnaud_Lagardere_0001.jpg,3
302,Aung_San_Suu_Kyi_0002.jpg,3
302,Beth_Blough_0001.jpg,3
302,Beth_Jones_0002.jpg,3
302,Betsy_Coffin_0001.jpg,3
302,Boris_Becker_0002.jpg,3
302,Britney_Spears_0011.jpg,3
302,Bruce_Van_De_Velde_0002.jpg,3
302,Carlos_Moya_0002.jpg,3
302,Celine_Dion_0003.jpg,3
302,Chante_Jawan_Mallard_0001.jpg,3
302,Charlotte_Chambers_0001.jpg,3
302,Chris_Bell_0002.jpg,3
302,Claire_Leger_0001.jpg,3
302,Clara_Harris_0001.jpg,3
302,Colin_Powell_0224.jpg,3
302,Daniela_Hantuchova_0001.jpg,3
302,David_Modell_0001.jpg,3
302,Elena_Bovina_0003.jpg,3
302,Erin_Runnion_0004.jpg,3
302,Fayssal_Mekdad_0003.jpg,3
302,George_Pataki_0004.jpg,3
302,George_W_Bush_0132.jpg,3
302,George_W_Bush_0163.jpg,3
302,Gerhard_Schroeder_0037.jpg,3
302,Guillermo_Coria_0030.jpg,3
302,Gustavo_Kuerten_0001.jpg,3
302,Gustavo_Kuerten_0002.jpg,3
302,Herb_Sendek_0003.jpg,3
302,Hitomi_Soga_0003.jpg,3
302,Hoda_Asfor_0001.jpg,3
302,Hugo_Chavez_0009.jpg,3
302,Hugo_Chavez_0070.jpg,3
302,Iva_Majoli_0001.jpg,3
302,James_Kopp_0001.jpg,3
302,James_Schultz_0001.jpg,3
302,Janela_Jara_0001.jpg,3
dwdii,Javier_Zanetti_0001.jpg,3
dwdii,Jennifer_Aniston_0003.jpg,3
dwdii,Jennifer_Pena_0001.jpg,3
dwdii,Jiang_Zemin_0013.jpg,3
dwdii,Joanne_Duquette_0001.jpg,3
dwdii,Joe_Lieberman_0009.jpg,3
dwdii,John_Edwards_0007.jpg,3
dwdii,John_Swofford_0002.jpg,3
dwdii,Jon_Stewart_0001.jpg,3
dwdii,Junichi_Inamoto_0001.jpg,3
dwdii,Justin_Gatlin_0001.jpg,3
dwdii,Keith_Rodriguez_0001.jpg,3
JN721,Kim_Hong-up_0001.jpg,3
JN721,Kwon_Young-gil_0001.jpg,3
JN721,Laura_Flessel_0001.jpg,3
JN721,Lindsay_Davenport_0007.jpg,3
JN721,Lindsay_Davenport_0010.jpg,3
dwdii,Lleyton_Hewitt_0040.jpg,3
dwdii,Luis_Sanchez_0001.jpg,3
dwdii,Magdalena_Maleeva_0001.jpg,3
dwdii,Marcella_Anderson_0001.jpg,3
dwdii,Marcelo_Rios_0003.jpg,3
dwdii,Martha_Martinez_Flores_0001.jpg,3
dwdii,Michael_Chang_0008.jpg,3
dwdii,Nan_Wang_0003.jpg,3
dwdii,Natalia_Motuziuk_0001.jpg,3
dwdii,Nelson_Mandela_0002.jpg,3
dwdii,Nicolas_Cage_0004.jpg,3
dwdii,Nila_Ferran_0001.jpg,3
dwdii,Ozzy_Osbourne_0001.jpg,3
dwdii,Patricia_Garone_0001.jpg,3
dwdii,Patty_Schnyder_0001.jpg,3
dwdii,Patty_Schnyder_0003.jpg,3
dwdii,Paul_Bremer_0020.jpg,3
dwdii,Pa_Kou_Hang_0001.jpg,3
dwdii,Penelope_Taylor_0001.jpg,3
dwdii,Peter_Holmberg_0001.jpg,3
dwdii,Placido_Domingo_0003.jpg,3
dwdii,Richard_Myers_0007.jpg,3
dwdii,Riek_Blanjaar_0001.jpg,3
dwdii,Robert_Blake_0004.jpg,3
dwdii,Roger_Mahony_0001.jpg,3
dwdii,Roh_Moo-hyun_0008.jpg,3
dwdii,Tatiana_Panova_0001.jpg,3
dwdii,Thomas_OBrien_0008.jpg,3
dwdii,Tiger_Woods_0001.jpg,3
dwdii,Tiger_Woods_0023.jpg,3
dwdii,Tim_Lobinger_0001.jpg,3
dwdii,Tom_Poston_0001.jpg,3
dwdii,Trent_Lott_0014.jpg,3
dwdii,Venus_Williams_0005.jpg,3
dwdii,Venus_Williams_0008.jpg,3
dwdii,Vladimir_Putin_0043.jpg,3
dwdii,Wang_Hailan_0001.jpg,3
dwdii,Yoon_Jeong_Cho_0001.jpg,3
jhamski,Avinash_10.jpg,3
jhamski,Avinash_15.jpg,3
jhamski,Avinash_6.jpg,3
jhamski,Avinash_9.jpg,3
jhamski,Avinash_30.jpg,3
jhamski,Dileep_101.jpg,3
jhamski,Dileep_107.jpg,3
jhamski,Dileep_50.jpg,3
jhamski,Dileep_60.jpg,3
jhamski,Dileep_7.jpg,3
jhamski,Dileep_79.jpg,3
jhamski,Dileep_80.jpg,3
jhamski,Dileep_83.jpg,3
jhamski,Dwarakish_130.jpg,3
jhamski,Dwarakish_199.jpg,3
jhamski,Dwarakish_2.jpg,3
jhamski,Dwarakish_200.jpg,3
jhamski,Dwarakish_74.jpg,3
jhamski,FaridaJalal_74.jpg,3
jhamski,FaridaJalal_75.jpg,3
jhamski,FaridaJalal_88.jpg,3
jhamski,HrithikRoshan_173.jpg,3
jhamski,HrithikRoshan_59.jpg,3
jhamski,HrithikRoshan_6.jpg,3
jhamski,Jayamadhuri_108.jpg,3
jhamski,Jayamadhuri_173.jpg,3
jhamski,Jayamadhuri_95.jpg,3
jhamski,KatrinaKaif_89.jpg,3
jhamski,KatrinaKaif_91.jpg,3
302,Aaron_Peirsol_0003.jpg,0
302,Aaron_Sorkin_0001.jpg,0
302,Aaron_Sorkin_0002.jpg,0
302,Abba_Eban_0001.jpg,0
302,Abdoulaye_Wade_0002.jpg,0
302,Abdoulaye_Wade_0004.jpg,0
302,Abdullah_Ahmad_Badawi_0001.jpg,0
302,Abdullah_Gul_0002.jpg,0
302,Abdullah_Gul_0003.jpg,0
302,Abdullah_Gul_0004.jpg,0
302,Adam_Sandler_0004.jpg,0
302,Adolfo_Rodriguez_Saa_0001.jpg,0
302,Adolfo_Rodriguez_Saa_0002.jpg,0
302,Adriana_Perez_Navarro_0001.jpg,0
302,Adrien_Brody_0001.jpg,0
302,Adrien_Brody_0011.jpg,0
302,Afton_Smith_0001.jpg,0
302,Ahmed_Ahmed_0001.jpg,0
302,Ahmed_Chalabi_0004.jpg,0
302,Ahmed_Qureia_0001.jpg,0
302,Aileen_Riggin_Soule_0001.jpg,0
302,Aishwarya_Rai_0001.jpg,0
302,Aitor_Gonzalez_0001.jpg,0
302,Aitor_Gonzalez_0002.jpg,0
302,Ai_Sugiyama_0001.jpg,0
302,Ai_Sugiyama_0004.jpg,0
302,AJ_Cook_0001.jpg,0
302,AJ_Lamas_0001.jpg,0
302,Akbar_Al_Baker_0001.jpg,0
302,Akmal_Taher_0001.jpg,0
302,Alain_Ducasse_0001.jpg,0
302,Alanis_Morissette_0001.jpg,0
302,Alanna_Ubach_0001.jpg,0
302,Alan_Ball_0001.jpg,0
302,Alan_Ball_0002.jpg,0
302,Alan_Greenspan_0002.jpg,0
302,Alan_Jackson_0001.jpg,0
302,Alan_Mulally_0002.jpg,0
302,Alan_Trammell_0001.jpg,0
302,Alastair_Johnston_0001.jpg,0
302,Alberta_Lee_0001.jpg,0
302,Alberto_Fujimori_0001.jpg,0
302,Alberto_Ruiz_Gallardon_0002.jpg,0
302,Alberto_Sordi_0001.jpg,0
302,Albert_Brooks_0001.jpg,0
302,Albert_Pujols_0001.jpg,0
302,Aldo_Paredes_0001.jpg,0
302,Aldo_Paredes_0002.jpg,0
302,Alec_Baldwin_0001.jpg,0
302,Alec_Baldwin_0002.jpg,0
302,Alejandro_Fernandez_0001.jpg,0
302,Alejandro_Gonzalez_Inarritu_0001.jpg,0
302,Alejandro_Lembo_0001.jpg,0
302,Alejandro_Lopez_0001.jpg,0
302,Alejandro_Toledo_0007.jpg,0
302,Alejandro_Toledo_0035.jpg,0
302,Aleksander_Kwasniewski_0001.jpg,0
302,Aleksander_Kwasniewski_0002.jpg,0
302,Aleksander_Voloshin_0001.jpg,0
302,Alek_Wek_0001.jpg,0
302,Alessandro_Nesta_0001.jpg,0
302,Alexander_Downer_0004.jpg,0
302,Alexandra_Pelosi_0001.jpg,0
302,Alexandra_Spann_0001.jpg,0
302,Alexandra_Stevenson_0001.jpg,0
302,Alexandra_Stevenson_0003.jpg,0
302,Alexandra_Vodjanikova_0002.jpg,0
302,Alexandre_Daigle_0001.jpg,0
302,Alexandre_Despatie_0001.jpg,0
302,Alexis_Bledel_0001.jpg,0
302,Alexis_Dennisoff_0001.jpg,0
302,Alex_Barros_0001.jpg,0
302,Alex_Barros_0002.jpg,0
302,Alex_Cejka_0001.jpg,0
302,Alex_Ferguson_0001.jpg,0
302,Alex_Holmes_0001.jpg,0
302,Alex_Sink_0001.jpg,0
302,Alex_Sink_0002.jpg,0
302,Alex_Wallau_0001.jpg,0
302,Alex_Zanardi_0001.jpg,0
302,Alfonso_Soriano_0001.jpg,0
302,Alfredo_Moreno_0001.jpg,0
302,Alicia_Keys_0001.jpg,0
302,Alicia_Silverstone_0001.jpg,0
302,Alicia_Silverstone_0002.jpg,0
302,Alicia_Witt_0001.jpg,0
302,Alina_Kabaeva_0001.jpg,0
302,Aline_Chretien_0001.jpg,0
302,Alison_Krauss_0001.jpg,0
302,Alison_Lohman_0001.jpg,0
302,Alistair_MacDonald_0001.jpg,0
302,Ali_Adbul_Karim_Madani_0001.jpg,0
302,Ali_Hammoud_0001.jpg,0
302,Ali_Khamenei_0003.jpg,0
302,Allan_Kemakeza_0001.jpg,0
302,Allison_Janney_0002.jpg,0
302,Allyson_Felix_0003.jpg,0
302,Ally_Sheedy_0001.jpg,0
302,Alvaro_Noboa_0001.jpg,0
302,Alvaro_Noboa_0003.jpg,0
302,Alvaro_Silva_Calderon_0002.jpg,0
302,Alvaro_Uribe_0005.jpg,0
302,Alvaro_Uribe_0032.jpg,0
302,Alyse_Beaupre_0001.jpg,0
302,Alyson_Hannigan_0001.jpg,0
302,Aly_Wagner_0001.jpg,0
302,Al_Davis_0001.jpg,0
302,Al_Gore_0007.jpg,0
302,Al_Leiter_0001.jpg,0
302,Al_Pacino_0003.jpg,0
302,Amanda_Beard_0001.jpg,0
302,Amanda_Bynes_0002.jpg,0
302,Amanda_Marsh_0001.jpg,0
302,Amanda_Plumer_0001.jpg,0
302,Amber_Tamblyn_0002.jpg,0
302,Amelia_Vega_0001.jpg,0
302,Amelia_Vega_0002.jpg,0
302,Amelia_Vega_0004.jpg,0
302,Amelie_Mauresmo_0010.jpg,0
302,Amelie_Mauresmo_0012.jpg,0
302,Amram_Mitzna_0002.jpg,0
302,Amy_Cotton_0001.jpg,0
302,Amy_Pascal_0001.jpg,0
302,Bridgette_Wilson-Sampras_0001.jpg,0
302,Bridgette_Wilson-Sampras_0003.jpg,0
302,Bridget_Fonda_0001.jpg,0
302,Bridget_Fonda_0002.jpg,0
302,Bridget_Fonda_0003.jpg,0
302,Brigitte_Boisselier_0001.jpg,0
302,Brigitte_Boisselier_0002.jpg,0
302,Britney_Spears_0001.jpg,0
302,Britney_Spears_0002.jpg,0
302,Britney_Spears_0010.jpg,0
dwdii,Britney_Spears_0012.jpg,0
302,Britney_Spears_0013.jpg,0
302,Britney_Spears_0014.jpg,0
302,Brittany_Snow_0001.jpg,0
302,Brock_Berlin_0001.jpg,0
302,Brooke_Adams_0001.jpg,0
302,Brooke_Gordon_0001.jpg,0
302,Brooke_Shields_0001.jpg,0
302,Brooke_Shields_0002.jpg,0
302,Brook_Robinson_0001.jpg,0
302,Bruce_Lunsford_0001.jpg,0
302,Bruce_Paltrow_0001.jpg,0
302,Bruce_Springsteen_0002.jpg,0
302,Bruce_Springsteen_0004.jpg,0
dwdii,Bruce_Weber_0001.jpg,0
302,Bruce_Weber_0002.jpg,0
302,Bruna_Colosio_0001.jpg,0
302,Bruno_Junquiera_0001.jpg,0
302,Bryan_Chui_0001.jpg,0
302,Bud_Selig_0002.jpg,0
302,Buford_Blount_0001.jpg,0
302,Buzz_Hargrove_0001.jpg,0
302,Cabas_0001.jpg,0
302,Caio_Blat_0001.jpg,0
302,Calbert_Cheaney_0001.jpg,0
302,Calista_Flockhart_0001.jpg,0
302,Calista_Flockhart_0006.jpg,0
302,Calvin_Harrison_0001.jpg,0
302,Cameron_Diaz_0001.jpg,0
302,Cameron_Diaz_0006.jpg,0
302,Camilla_Parker_Bowles_0001.jpg,0
302,Camilla_Parker_Bowles_0002.jpg,0
302,Camille_Colvin_0001.jpg,0
302,Camille_Lewis_0001.jpg,0
302,Camryn_Manheim_0001.jpg,0
302,Candice_Beatty_0001.jpg,0
302,Candice_Bergen_0001.jpg,0
302,Candice_Bergen_0003.jpg,0
302,Candie_Kung_0001.jpg,0
302,Candie_Kung_0004.jpg,0
302,Carey_Lowell_0001.jpg,0
302,Carin_Koch_0001.jpg,0
302,Carla_Gay_Balingit_0001.jpg,0
302,Carla_Gugino_0001.jpg,0
302,Carla_Moreno_0001.jpg,0
302,Carla_Myers_0001.jpg,0
302,Carla_Tricoli_0001.jpg,0
302,Carlos_Bianchi_0001.jpg,0
302,Carlos_De_Abreu_0001.jpg,0
302,Carlos_Manuel_Pruneda_0001.jpg,0
302,Carlos_Menem_0002.jpg,0
302,Carlos_Menem_0013.jpg,0
dwdii,Carlos_Menem_0014.jpg,0
302,Carlos_Menem_0015.jpg,0
302,Carlos_Menem_0020.jpg,0
302,Carlos_Mesa_0002.jpg,0
302,Carlos_Moya_0004.jpg,0
302,Carlos_Queiroz_0001.jpg,0
302,Carlos_Ruiz_0001.jpg,0
302,Carlos_Ruiz_0002.jpg,0
302,Carlos_Savedra_0001.jpg,0
302,Carlos_Vives_0001.jpg,0
dwdii,Carlos_Vives_0002.jpg,0
302,Carlos_Vives_0003.jpg,0
302,Carlos_Vives_0004.jpg,0
302,Carl_Reiner_0001.jpg,0
302,Carl_Reiner_0002.jpg,0
302,Carmen_Electra_0001.jpg,0
302,Carmen_Electra_0004.jpg,0